clase,bbox,profundidad_promedio
clock,"[331.086181640625, 339.2760925292969, 736.0479736328125, 801.2921142578125]",0.8759173154830933
desconocido,"[241.92918395996094, 151.62095642089844, 737.0341796875, 808.6110229492188]",0.838386058807373
